{"cameraMode":{"drawMode":0,"name":"Shaded","section":"Shading Mode"},"sceneLighting":false,"audioPlay":false,"sceneViewState":{"m_AlwaysRefresh":false,"showFog":true,"showSkybox":false,"showFlares":true,"showImageEffects":true,"showParticleSystems":true,"showVisualEffectGraphs":true,"m_FxEnabled":false},"in2DMode":false,"pivot":{"x":-0.08324122428894043,"y":1.0028061866760255,"z":-0.13518667221069337},"rotation":{"x":-0.07282659411430359,"y":-0.9139163494110107,"z":0.1893681287765503,"w":-0.35154473781585696},"size":1.5449144840240479,"orthographic":false}