{"cameraMode":{"drawMode":0,"name":"Shaded","section":"Shading Mode"},"sceneLighting":true,"audioPlay":false,"sceneViewState":{"m_AlwaysRefresh":false,"showFog":true,"showSkybox":true,"showFlares":true,"showImageEffects":true,"showParticleSystems":true,"showVisualEffectGraphs":true,"m_FxEnabled":false},"in2DMode":false,"pivot":{"x":-15.15302848815918,"y":0.9990962743759155,"z":-0.6979469656944275},"rotation":{"x":0.00011227375944145024,"y":0.9230796098709106,"z":-0.3846363127231598,"w":0.0002790545404423028},"size":2.6729917526245119,"orthographic":false}