{"cameraMode":{"drawMode":0,"name":"Shaded","section":"Shading Mode"},"sceneLighting":true,"audioPlay":false,"sceneViewState":{"m_AlwaysRefresh":false,"showFog":true,"showSkybox":true,"showFlares":true,"showImageEffects":true,"showParticleSystems":true,"showVisualEffectGraphs":true,"m_FxEnabled":false},"in2DMode":false,"pivot":{"x":11.282230377197266,"y":-0.5536133050918579,"z":0.6382218599319458},"rotation":{"x":0.6861233711242676,"y":0.014182230457663536,"z":-0.013375921174883843,"w":0.7272528409957886},"size":4.887795925140381,"orthographic":false}