{"cameraMode":{"drawMode":0,"name":"Shaded","section":"Shading Mode"},"sceneLighting":false,"audioPlay":false,"sceneViewState":{"m_AlwaysRefresh":false,"showFog":true,"showSkybox":false,"showFlares":true,"showImageEffects":true,"showParticleSystems":true,"showVisualEffectGraphs":true,"m_FxEnabled":false},"in2DMode":false,"pivot":{"x":-11.370068550109864,"y":0.7965999841690064,"z":-0.5075092315673828},"rotation":{"x":0.3198115825653076,"y":-0.24757172167301179,"z":0.08694956451654434,"w":0.9104278683662415},"size":0.9543372988700867,"orthographic":false}